"Query","Match","HMDB","PubChem","ChEBI","KEGG","METLIN","SMILES","Comment"
"HMDB04705","12,13-DHOME","HMDB0004705","10236635","72665","C14829",NA,"CCCCCC(C(C/C=C\CCCCCCCC(=O)O)O)O","1"
"HMDB04704","9,10-DHOME","HMDB0004704","9966640","72663","C14828",NA,"CCCCC/C=C\CC(C(CCCCCCCC(=O)O)O)O","1"
"HMDB00535","Caproic acid","HMDB0000535","8892","30776","C01585","5520","CCCCCC(=O)O","1"
"HMDB00666","Heptanoic acid","HMDB0000666","8094","45571","C17714","5636","CCCCCCC(=O)O","1"
"HMDB00764","Hydrocinnamic acid","HMDB0000764","107","28631","C05629","4153","OC(=O)CCC1=CC=CC=C1","1"
"HMDB00703","Mandelic acid","HMDB0000703","439616","32800","C01984","5671","O[C@H](C(O)=O)C1=CC=CC=C1","1"
"HMDB00711","Hydroxyoctanoic acid","HMDB0000711","94180","86543",NA,"5679","CCCCCCC(C(=O)O)O","1"
"HMDB01954","3-Hydroxyoctanoic acid","HMDB0001954","26613","37098",NA,NA,"CCCCCC(O)CC(=O)O","1"
"HMDB00511","Capric acid","HMDB0000511","2969","30813","C01571","336","CCCCCCCCCC(=O)O","1"
"HMDB00197","Indoleacetic acid","HMDB0000197","802","16411","C00954","5211","OC(=O)CC1=CNC2=C1C=CC=C2","1"
"HMDB02203","3-Hydroxycapric acid","HMDB0002203","26612","132983",NA,"6544","CCCCCCCC(O)CC(=O)O","1"
"HMDB00638","Dodecanoic acid","HMDB0000638","3893","30805","C02679","5611","CCCCCCCCCCCC(=O)O","1"
"HMDB00888","Undecanedioic acid","HMDB0000888","15816","73713",NA,"5846","C(CCCCC(=O)O)CCCCC(=O)O","1"
"HMDB02000","Myristoleic acid","HMDB0002000","5281119","27781","C08322","6424","CCCC/C=C\CCCCCCCC(=O)O","1"
"HMDB00806","Myristic acid","HMDB0000806","11005","28875","C06424","196","CCCCCCCCCCCCCC(=O)O","1"
"HMDB00623","Dodecanedioic acid","HMDB0000623","12736","4676","C02678","5596","C(CCCCCC(=O)O)CCCCC(=O)O","1"
"HMDB00826","Pentadecanoic acid","HMDB0000826","13849","42504","C16537","5789","CCCCCCCCCCCCCCC(=O)O","1"
"HMDB02261","alpha-hydroxy myristic acid","HMDB02261","656737","85937","C13790",NA,"CCCCCCCCCCCC(O)C(=O)O","1"
"HMDB03229","Palmitoleic acid","HMDB0003229","5312427","28716","C08362","188","CCCCCC/C=C\CCCCCCCC(=O)O","1"
"HMDB00220","Palmitic acid","HMDB0000220","985","15756","C00249","187","CCCCCCCCCCCCCCCC(=O)O","1"
"HMDB00872","Tetradecanedioic acid","HMDB0000872","13185","76308","C11002","5833","OC(=O)CCCCCCCCCCCCC(O)=O","1"
"HMDB60038","10Z-Heptadecenoic acid","HMDB0060038","5312435","75094",NA,NA,"CCCCCC\C=C/CCCCCCCCC(O)=O","1"
"HMDB62548","NA","NA","NA","NA","NA","NA","NA","0"
"HMDB01388","Alpha-Linolenic acid","HMDB0001388","5280934","27432","C06427","6208","CC/C=C\C/C=C\C/C=C\CCCCCCCC(=O)O","1"
"HMDB00673","Linoleic acid","HMDB0000673","5280450","17351","C01595","191","CCCCC/C=C\C/C=C\CCCCCCCC(=O)O","1"
"HMDB00207","Oleic acid","HMDB0000207","445639","16196","C00712","190","CCCCCCCC/C=C\CCCCCCCC(=O)O","1"
"HMDB00827","Stearic acid","HMDB0000827","5281","28842","C01530","189","CCCCCCCCCCCCCCCCCC(=O)O","1"
"HMDB00672","Hexadecanedioic acid","HMDB0000672","10459","73722","C19615","5642","C(CCCCCCCC(=O)O)CCCCCCC(=O)O","1"
"HMDB13622","Nonadeca-10(Z)-enoic acid","HMDB0013622","5312513","37527","C00174",NA,"CCCCCCCC/C=C\CCCCCCCCC(=O)O","1"
"HMDB00772","Nonadecanoic acid","HMDB0000772","12591","39246","C16535","5738","CCCCCCCCCCCCCCCCCCC(=O)O","1"
"HMDB61710","17-Methylstearate","HMDB0061710","3083779","133136",NA,NA,"CC(C)CCCCCCCCCCCCCCCC(O)=O","1"
"HMDB01999","Eicosapentaenoic acid","HMDB0001999","446284","28364","C06428","6423","CC/C=C\C/C=C\C/C=C\C/C=C\C/C=C\CCCC(=O)O","1"
"HMDB01043","Arachidonic acid","HMDB0001043","444899","15843","C00219","193","CCCCC/C=C\C/C=C\C/C=C\C/C=C\CCCC(=O)O","1"
"HMDB02925","8,11,14-Eicosatrienoic acid","HMDB0002925","5280581","53486","C03242","259","CCCCC/C=C\C/C=C\C/C=C\CCCCCCC(=O)O","1"
"HMDB05060","Eicosadienoic acid","HMDB0005060","6439848","603631","C16525",NA,"CCCCC/C=C\C/C=C\CCCCCCCCCC(=O)O","1"
"HMDB02231","Eicosenoic acid","HMDB0002231","5282768","32425","C16526","6563","CCCCCCCC/C=C\CCCCCCCCCC(=O)O","1"
"HMDB02212","Arachidic acid","HMDB0002212","10467","28822","C06425","401","CCCCCCCCCCCCCCCCCCCC(=O)O","1"
"HMDB00801","Phytanic acid","HMDB0000801","26840","16285","C01607","5765","CC(C)CCCC(C)CCCC(C)CCCC(C)CC(=O)O","1"
"HMDB02183","Docosahexaenoic acid","HMDB0002183","445580","28125","C06429","3457","CC/C=C\C/C=C\C/C=C\C/C=C\C/C=C\C/C=C\CCC(=O)O","1"
"HMDB01976","Docosapentaenoic acid (22n-6)","HMDB0001976","6441454","65136",NA,"6412","CCCCC/C=C\C/C=C\C/C=C\C/C=C\C/C=C\CCC(=O)O","1"
"HMDB02226","Adrenic acid","HMDB0002226","5497181","53487","C16527","6560","CCCCC/C=C\C/C=C\C/C=C\C/C=C\CCCCCC(=O)O","1"
"HMDB02068","Erucic acid","HMDB0002068","5281116","28792","C08316","6470","CCCCCCCC/C=C\CCCCCCCCCCCC(=O)O","1"
"HMDB02364","Oleanolic acid","HMDB0002364","10494","37659","C17148",NA,"C[C@]12CC[C@@H](C([C@@H]1CC[C@@]3([C@@H]2CC=C4[C@]3(CC[C@@]5([C@H]4CC(CC5)(C)C)C(=O)O)C)C)(C)C)O","1"
"HMDB02392","Maslinic acid","HMDB0002392","73659","66682","C16939",NA,"C[C@@]12CC[C@@H]3[C@@]([C@H]1CC=C4[C@]2(CC[C@@]5([C@H]4CC(CC5)(C)C)C(=O)O)C)(C[C@H]([C@@H](C3(C)C)O)O)C","1"
"HMDB00761","TG(14:0/i-22:0/i-24:0)","HMDB0100761","131808923",NA,NA,NA,"[H][C@](COC(=O)CCCCCCCCCCCCC)(COC(=O)CCCCCCCCCCCCCCCCCCCCC(C)C)OC(=O)CCCCCCCCCCCCCCCCCCC(C)C","1"
"HMDB00518","Chenodeoxycholic acid","HMDB0000518","10133","16755","C02528","207","C[C@H](CCC(=O)O)[C@H]1CC[C@@H]2[C@@]1(CC[C@H]3[C@H]2[C@@H](C[C@H]4[C@@]3(CC[C@H](C4)O)C)O)C","1"
"HMDB00626","Deoxycholic acid","HMDB0000626","222528","28834","C04483","265","C[C@H](CCC(=O)O)[C@H]1CC[C@@H]2[C@@]1([C@H](C[C@H]3[C@H]2CC[C@H]4[C@@]3(CC[C@H](C4)O)C)O)C","1"
"HMDB00733","Hyodeoxycholic acid","HMDB0000733","9963687",NA,"C15517","5701","C[C@H](CCC(=O)O)[C@H]1CC[C@@H]2[C@@]1(CC[C@H]3[C@H]2C[C@@H](C4[C@@]3(CC[C@H](C4)O)C)O)C","1"
"HMDB00391","7-Ketodeoxycholic acid","HMDB0000391","188292","16390","C04643","5380","C[C@H](CCC(=O)O)[C@H]1CC[C@@H]2[C@@]1([C@H](C[C@H]3[C@H]2C(=O)C[C@H]4[C@@]3(CC[C@H](C4)O)C)O)C","1"
"HMDB00506","Alpha-Muricholic acid","HMDB0000506","96023991",NA,"C17647","5492","C[C@H](CCC(=O)O)C1CC[C@@H]2[C@@]1(CC[C@H]3[C@H]2[C@@H]([C@H]([C@H]4[C@@]3(CC[C@H](C4)O)C)O)O)C","1"
"HMDB00619","Cholic acid","HMDB0000619","221493","16359","C00695","206","C[C@H](CCC(=O)O)[C@H]1CC[C@@H]2[C@@]1([C@H](C[C@H]3[C@H]2[C@@H](C[C@H]4[C@@]3(CC[C@H](C4)O)C)O)O)C","1"
"HMDB00698","Lithocholic acid glycine conjugate","HMDB0000698","115245","37998","C15557","5666","C[C@H](CCC(=O)NCC(=O)O)[C@H]1CC[C@@H]2[C@@]1(CC[C@H]3[C@H]2CC[C@H]4[C@@]3(CC[C@H](C4)O)C)C","1"
"HMDB00637","Chenodeoxycholic acid glycine conjugate","HMDB0000637","22833540",NA,"C05466","5610","C[C@H](CCC(=O)NCC(=O)O)[C@H]1CCC2[C@@]1(CCC3C2[C@@H](C[C@H]4[C@@]3(CC[C@H](C4)O)C)O)C","1"
"HMDB00631","Deoxycholic acid glycine conjugate","HMDB0000631","3035026","27471","C05464","5604","C[C@H](CCC(=O)NCC(=O)O)[C@H]1CCC2[C@@]1([C@H](CC3C2CC[C@H]4[C@@]3(CC[C@H](C4)O)C)O)C","1"
"HMDB00708","Glycoursodeoxycholic acid","HMDB0000708","12310288","542261",NA,"5676","C[C@H](CCC(=O)NCC(=O)O)[C@H]1CC[C@@H]2[C@@]1(CC[C@H]3[C@H]2[C@H](C[C@H]4[C@@]3(CC[C@H](C4)O)C)O)C","1"
"HMDB00138","Glycocholic acid","HMDB0000138","23617285","29746","C01921","5169","C[C@H](CCC(=O)NCC(=O)O)[C@H]1CC[C@@H]2[C@@]1([C@H](C[C@H]3[C@H]2[C@@H](CC4[C@@]3(CC[C@H](C4)O)C)O)O)C","1"
"HMDB00722","Lithocholyltaurine","HMDB0000722","53477716","36259","C02592","5690","C[C@H](CCC(=O)NCCS(=O)(=O)O)C1CCC2[C@@]1(CCC3C2CCC4[C@@]3(CC[C@H](C4)O)C)C","1"
"HMDB00951","Taurochenodesoxycholic acid","HMDB0000951","387316","16525","C05465","5897","C[C@H](CCC(=O)NCCS(=O)(=O)O)[C@H]1CC[C@@H]2[C@@]1(CC[C@H]3[C@H]2[C@@H](C[C@H]4[C@@]3(CC[C@H](C4)O)C)O)C","1"
"HMDB00896","Taurodeoxycholic acid","HMDB0000896","2733768","9410","C05463","5853","C[C@H](CCC(=O)NCCS(=O)(=O)O)[C@H]1CC[C@@H]2[C@@]1([C@H](C[C@H]3[C@H]2CC[C@H]4[C@@]3(CC[C@H](C4)O)C)O)C","1"
"HMDB00874","Tauroursodeoxycholic acid","HMDB0000874","12443252",NA,NA,"5835","C[C@H](CCC(=O)NCCS(=O)(=O)O)[C@H]1CC[C@@H]2[C@@]1(CC[C@H]3[C@H]2[C@H](CC4[C@@]3(CC[C@H](C4)O)C)O)C","1"
"HMDB00932","Tauro-b-muricholic acid","HMDB0000932","21124703",NA,NA,"5881","C[C@H](CCC(=O)NCCS(=O)(=O)O)[C@H]1CCC2[C@@]1(CCC3C2[C@H]([C@H]([C@H]4[C@@]3(CC[C@H](C4)O)C)O)O)C","1"
"HMDB00036","Taurocholic acid","HMDB0000036","6675","28865","C05122","5104","CC(CCC(=O)NCCS(=O)(=O)O)C1CCC2C1([C@H](CC3C2[C@@H](C[C@H]4C3(CC[C@H](C4)O)C)O)O)C","1"
"HMDB01895","Salicylic acid","HMDB0001895","338","16914","C00805","616","OC(=O)C1=CC=CC=C1O","1"
"HMDB01889","Theophylline","HMDB0001889","2153","28177","C07130","1458","CN1C2=C(NC=N2)C(=O)N(C)C1=O","1"
"HMDB29723","Saccharin","HMDB0029723","5143","32111","C12283",NA,"OC1=NS(=O)(=O)C2=CC=CC=C12","1"
"HMDB00784","Azelaic acid","HMDB0000784","2266","48131","C08261","5750","C(CCCC(=O)O)CCCC(=O)O","1"
"HMDB00792","Sebacic acid","HMDB0000792","5192","41865","C08277","4240","C(CCCCC(=O)O)CCCC(=O)O","1"
"HMDB05032","Cetirizine","HMDB0005032","2678","3561","C07778","1641","OC(=O)COCCN1CCN(CC1)C(C1=CC=CC=C1)C1=CC=C(Cl)C=C1","1"
"HMDB14420","Olmesartan","HMDB0014420","158781","48416",NA,NA,"CCCC1=NC(=C(N1CC1=CC=C(C=C1)C1=C(C=CC=C1)C1=NN=NN1)C(O)=O)C(C)(C)O","1"
"HMDB35665","L-1,2,3,4-Tetrahydro-beta-carboline-3-carboxylic acid","HMDB0035665","98285","91151",NA,NA,"OC(=O)C1CC2=C(CN1)NC1=CC=CC=C21","1"
"HMDB04072","4-Hydroxystyrene","HMDB0004072","62453","1883","C05627","7012","OC1=CC=C(C=C)C=C1","1"
"HMDB00866","N-Acetyl-L-tyrosine","HMDB0000866","68310","21563","C01657",NA,"CC(=O)N[C@@H](CC1=CC=C(O)C=C1)C(O)=O","1"
"HMDB01518","alpha-CEHC","HMDB0001518","9943542","626842",NA,NA,"CC1=C(O)C(C)=C2CCC(C)(CCC(O)=O)OC2=C1C","1"
"HMDB02121","Carnosol","HMDB0002121","442009","468005","C09069",NA,"CC(C)C1=C(C(=C2C(=C1)[C@@H]3C[C@@H]4[C@@]2(CCCC4(C)C)C(=O)O3)O)O","1"
"HMDB30180","Crustecdysone","HMDB0030180","271605","16587","C02633",NA,"CC12CCC3C(=CC(=O)C4C3(CC(C(C4)O)O)C)C1(CCC2C(C)(C(CCC(C)(C)O)O)O)O","1"
"HMDB00786","Oxypurinol","HMDB0000786","4644","28315","C07599","5752","O=C1NC(=O)C2=CNNC2=N1","1"
"HMDB02100","Palmitoylethanolamide","HMDB0002100","4671","71464","C16512",NA,"CCCCCCCCCCCCCCCC(=O)NCCO","1"
"HMDB00779","Phenyllactic acid","HMDB0000779","3848","25998","C01479","5745","OC(CC1=CC=CC=C1)C(O)=O","1"
"HMDB00020","p-Hydroxyphenylacetic acid","HMDB0000020","127","18101","C00642","130","OC(=O)CC1=CC=C(O)C=C1","1"
"HMDB00245","Porphobilinogen","HMDB0000245","1021","17381","C00931","76","NCC1=C(CC(O)=O)C(CCC(O)=O)=CN1","1"
"HMDB04159","L-Urobilin","HMDB0004159","5280818","29023","C05793","7022","CCC1C(C(=O)NC1CC2=N/C(=C/C3=C(C(=C(N3)CC4C(C(C(=O)N4)CC)C)C)CCC(=O)O)/C(=C2C)CCC(=O)O)C","1"
"HMDB02368","Nervonic acid","HMDB0002368","5281120","44247","C08323","262","CCCCCCCC/C=C\CCCCCCCCCCCCCC(=O)O","1"
"HMDB33585","Acesulfame","HMDB0033585","36573","83501",NA,NA,"CC1=CC(=O)NS(=O)(=O)O1","1"
"HMDB15070","Oxymetazoline","HMDB0015070","4636","7862","C07363",NA,"CC1=CC(=C(O)C(C)=C1CC1=NCCN1)C(C)(C)C","1"
"HMDB06219","13-cis-Retinoic acid","HMDB0006219","5282379","6067","C07058",NA,"CC1=C(C(CCC1)(C)C)/C=C/C(=C/C=C/C(=C\C(=O)O)/C)/C","1"
"HMDB10379","LysoPC(14:0)","HMDB0010379","460604",NA,"C04230",NA,"CCCCCCCCCCCCCC(=O)OC[C@H](COP(=O)([O-])OCC[N+](C)(C)C)O","1"
"HMDB10383","LysoPC(16:1(9Z))","HMDB0010383","24779461",NA,"C04230",NA,"CCCCCC/C=C\CCCCCCCC(=O)OC[C@H](COP(=O)([O-])OCC[N+](C)(C)C)O","1"
"HMDB10382","LysoPC(16:0)","HMDB0010382","460602","72998","C04230",NA,"CCCCCCCCCCCCCCCC(=O)OC[C@H](COP(=O)([O-])OCC[N+](C)(C)C)O","1"
"HMDB10386","LysoPC(18:2(9Z,12Z))","HMDB0010386","11005824","28733","C04230",NA,"CCCCC/C=C\C/C=C\CCCCCCCC(=O)OC[C@H](COP(=O)([O-])OCC[N+](C)(C)C)O","1"
"HMDB02815","LysoPC(18:1(9Z))","HMDB0002815","16081932",NA,"C04230","184","CCCCCCCC/C=C\CCCCCCCC(=O)OC[C@H](COP(=O)([O-])OCC[N+](C)(C)C)O","1"
"HMDB10384","LysoPC(18:0)","HMDB0010384","497299",NA,"C04230",NA,"CCCCCCCCCCCCCCCCCC(=O)OC[C@H](COP(=O)([O-])OCC[N+](C)(C)C)O","1"
"HMDB10397","LysoPC(20:5(5Z,8Z,11Z,14Z,17Z))","HMDB0010397","11757087",NA,"C04230",NA,"CC/C=C\C/C=C\C/C=C\C/C=C\C/C=C\CCCC(=O)OC[C@H](COP(=O)([O-])OCC[N+](C)(C)C)O","1"
"HMDB10395","LysoPC(20:4(5Z,8Z,11Z,14Z))","HMDB0010395","24779476",NA,"C04230",NA,"CCCCC/C=C\C/C=C\C/C=C\C/C=C\CCCC(=O)OC[C@H](COP(=O)([O-])OCC[N+](C)(C)C)O","1"
"HMDB10393","LysoPC(20:3(5Z,8Z,11Z))","HMDB0010393","53480467","74343","C04230",NA,"CCCCCCCC/C=C\C/C=C\C/C=C\CCCC(=O)OC[C@H](COP(=O)([O-])OCC[N+](C)(C)C)O","1"
"HMDB10404","LysoPC(22:6(4Z,7Z,10Z,13Z,16Z,19Z))","HMDB0010404","10415542","73873","C04230",NA,"CC/C=C\C/C=C\C/C=C\C/C=C\C/C=C\C/C=C\CCC(=O)OC[C@H](COP(=O)([O-])OCC[N+](C)(C)C)O","1"
"HMDB11504","LysoPE(16:1(9Z)/0:0)","HMDB0011504","52925129",NA,NA,NA,"CCCCCC/C=C\CCCCCCCC(=O)OC[C@H](COP(=O)(O)OCCN)O","1"
"HMDB11503","LysoPE(16:0/0:0)","HMDB0011503","9547069","73004",NA,NA,"CCCCCCCCCCCCCCCC(=O)OC[C@H](COP(=O)(O)OCCN)O","1"
"HMDB11507","LysoPE(18:2(9Z,12Z)/0:0)","HMDB0011507","52925130","83058",NA,NA,"CCCCC/C=C\C/C=C\CCCCCCCC(=O)OC[C@H](COP(=O)(O)OCCN)O","1"
"HMDB11506","LysoPE(18:1(9Z)/0:0)","HMDB0011506","9547071","74971",NA,NA,"CCCCCCCC/C=C\CCCCCCCC(=O)OC[C@H](COP(=O)(O)OCCN)O","1"
"HMDB11130","LysoPE(18:0/0:0)","HMDB0011130","9547068","75036","C21484",NA,"CCCCCCCCCCCCCCCCCC(=O)OC[C@H](COP(=O)(O)OCCN)O","1"
"HMDB11517","LysoPE(20:4(5Z,8Z,11Z,14Z)/0:0)","HMDB0011517","42607465","64395",NA,NA,"CCCCC/C=C\C/C=C\C/C=C\C/C=C\CCCC(=O)OC[C@H](COP(=O)(O)OCCN)O","1"
"HMDB11511","LysoPE(20:0/0:0)","HMDB0011511","52925131","131690",NA,NA,"CCCCCCCCCCCCCCCCCCCC(=O)OC[C@H](COP(=O)(O)OCCN)O","1"
"HMDB11520","LysoPE(22:0/0:0)","HMDB0011520","52925144",NA,NA,NA,"CCCCCCCCCCCCCCCCCCCCCC(=O)OC[C@H](COP(=O)(O)OCCN)O","1"
"HMDB07869","PC(14:0/16:0)","HMDB0007869","129657",NA,"C00157",NA,"CCCCCCCCCCCCCCCC(=O)O[C@H](COC(=O)CCCCCCCCCCCCC)COP(=O)([O-])OCC[N+](C)(C)C","1"
"HMDB07873","PC(14:0/18:1(9Z))","HMDB0007873","24778620",NA,"C00157",NA,"CCCCCCCCCCCCCC(=O)OC[C@H](COP(=O)([O-])OCC[N+](C)(C)C)OC(=O)CCCCCCC/C=C\CCCCCCCC","1"
"HMDB07871","PC(14:0/18:0)","HMDB0007871","131150",NA,"C00157",NA,"CCCCCCCCCCCCCCCCCC(=O)O[C@H](COC(=O)CCCCCCCCCCCCC)COP(=O)([O-])OCC[N+](C)(C)C","1"
"HMDB08006","PC(16:1(9Z)/18:2(9Z,12Z))","HMDB0008006","24778768",NA,"C00157",NA,"CCCCCC/C=C\CCCCCCCC(=O)OC[C@H](COP(=O)([O-])OCC[N+](C)(C)C)OC(=O)CCCCCCC/C=C\C/C=C\CCCCC","1"
"HMDB07973","PC(16:0/18:2(9Z,12Z))","HMDB0007973","5287971",NA,"C00157",NA,"CCCCCCCCCCCCCCCC(=O)OC[C@H](COP(=O)([O-])OCC[N+](C)(C)C)OC(=O)CCCCCCC/C=C\C/C=C\CCCCC","1"
"HMDB07972","PC(16:0/18:1(9Z))","HMDB0007972","5497103",NA,"C00157",NA,"CCCCCCCCCCCCCCCC(=O)OC[C@H](COP(=O)([O-])OCC[N+](C)(C)C)OC(=O)CCCCCCC/C=C\CCCCCCCC","1"
"HMDB07970","PC(16:0/18:0)","HMDB0007970","24778686",NA,"C00157",NA,"CCCCCCCCCCCCCCCCCC(=O)O[C@H](COC(=O)CCCCCCCCCCCCCCC)COP(=O)([O-])OCC[N+](C)(C)C","1"
"HMDB07983","PC(16:0/20:4(8Z,11Z,14Z,17Z))","HMDB0007983","53478669",NA,"C00157",NA,"CCCCCCCCCCCCCCCC(=O)OC[C@H](COP(=O)([O-])OCC[N+](C)(C)C)OC(=O)CCCCCC/C=C\C/C=C\C/C=C\C/C=C\CC","1"
"HMDB08138","PC(18:2(9Z,12Z)/18:2(9Z,12Z))","HMDB0008138","5288075",NA,"C00157",NA,"CCCCC/C=C\C/C=C\CCCCCCCC(=O)OC[C@H](COP(=O)([O-])OCC[N+](C)(C)C)OC(=O)CCCCCCC/C=C\C/C=C\CCCCC","1"
"HMDB08105","PC(18:1(9Z)/18:2(9Z,12Z))","HMDB0008105","24778939",NA,"C00157",NA,"CCCCCCCC/C=C\CCCCCCCC(=O)OC[C@H](COP(=O)([O-])OCC[N+](C)(C)C)OC(=O)CCCCCCC/C=C\C/C=C\CCCCC","1"
"HMDB08039","PC(18:0/18:2(9Z,12Z))","HMDB0008039","6441487",NA,"C00157",NA,"CCCCCCCCCCCCCCCCCC(=O)OC[C@H](COP(=O)([O-])OCC[N+](C)(C)C)OC(=O)CCCCCCC/C=C\C/C=C\CCCCC","1"
"HMDB08038","PC(18:0/18:1(9Z))","HMDB0008038","24778825",NA,"C00157",NA,"CCCCCCCCCCCCCCCCCC(=O)OC[C@H](COP(=O)([O-])OCC[N+](C)(C)C)OC(=O)CCCCCCC/C=C\CCCCCCCC","1"
"HMDB07991","PC(16:0/22:6(4Z,7Z,10Z,13Z,16Z,19Z))","HMDB0007991","6441886",NA,"C00157",NA,"CCCCCCCCCCCCCCCC(=O)OC[C@H](COP(=O)([O-])OCC[N+](C)(C)C)OC(=O)CC/C=C\C/C=C\C/C=C\C/C=C\C/C=C\C/C=C\CC","1"
"HMDB08048","PC(18:0/20:4(5Z,8Z,11Z,14Z))","HMDB0008048","16219824",NA,"C00157",NA,"CCCCCCCCCCCCCCCCCC(=O)OC[C@H](COP(=O)([O-])OCC[N+](C)(C)C)OC(=O)CCC/C=C\C/C=C\C/C=C\C/C=C\CCCCC","1"
"HMDB08047","PC(18:0/20:3(8Z,11Z,14Z))","HMDB0008047","24778857",NA,"C00157",NA,"CCCCCCCCCCCCCCCCCC(=O)OC[C@H](COP(=O)([O-])OCC[N+](C)(C)C)OC(=O)CCCCCC/C=C\C/C=C\C/C=C\CCCCC","1"
"HMDB08270","PC(20:0/18:2(9Z,12Z))","HMDB0008270","24779263",NA,"C00157",NA,"CCCCCCCCCCCCCCCCCCCC(=O)OC[C@H](COP(=O)([O-])OCC[N+](C)(C)C)OC(=O)CCCCCCC/C=C\C/C=C\CCCCC","1"
"HMDB11212","PC(P-16:0/18:3(6Z,9Z,12Z))","HMDB0011212","53480681",NA,NA,NA,"CCCCCCCCCCCCCC/C=C\OC[C@@H](COP(=O)([O-])OCC[N+](C)(C)C)OC(=O)CCCC/C=C\C/C=C\C/C=C\CCCCC","1"
"HMDB11210","PC(P-16:0/18:1(9Z))","HMDB0011210","24779384",NA,NA,NA,"CCCCCCCCCCCCCC/C=C\OC[C@H](COP(=O)([O-])OCC[N+](C)(C)C)OC(=O)CCCCCCC/C=C\CCCCCCCC","1"
"HMDB11208","PC(P-16:0/18:0)","HMDB0011208","52923890",NA,NA,NA,"CCCCCCCCCCCCCCCCCC(=O)O[C@H](CO/C=C\CCCCCCCCCCCCCC)COP(=O)([O-])OCC[N+](C)(C)C","1"
"HMDB11220","PC(P-16:0/20:4(5Z,8Z,11Z,14Z))","HMDB0011220","24779388",NA,NA,NA,"CCCCCCCCCCCCCC/C=C\OC[C@H](COP(=O)([O-])OCC[N+](C)(C)C)OC(=O)CCC/C=C\C/C=C\C/C=C\C/C=C\CCCCC","1"
"HMDB11310","PC(P-18:1(9Z)/18:2(9Z,12Z))","HMDB0011310","53480803",NA,NA,NA,"CCCCCCCC/C=C\CCCCCC/C=C\OC[C@H](COP(=O)([O-])OCC[N+](C)(C)C)OC(=O)CCCCCCC/C=C\C/C=C\CCCCC","1"
"HMDB11243","PC(P-18:0/18:1(9Z))","HMDB0011243","42607428",NA,NA,NA,"CCCCCCCCCCCCCCCC/C=C\OC[C@H](COP(=O)([O-])OCC[N+](C)(C)C)OC(=O)CCCCCCC/C=C\CCCCCCCC","1"
"HMDB11241","PC(P-18:0/18:0)","HMDB0011241","52923942",NA,NA,NA,"CCCCCCCCCCCCCCCCCC(=O)O[C@H](CO/C=C\CCCCCCCCCCCCCCCC)COP(=O)([O-])OCC[N+](C)(C)C","1"
"HMDB11252","PC(P-18:0/20:3(8Z,11Z,14Z))","HMDB0011252","52923962",NA,NA,NA,"CCCCCCCCCCCCCCCC/C=C\OC[C@H](COP(=O)([O-])OCC[N+](C)(C)C)OC(=O)CCCCCC/C=C\C/C=C\C/C=C\CCCCC","1"
"HMDB08923","PE(16:0/16:0)","HMDB0008923","445468","73005","C00350",NA,"CCCCCCCCCCCCCCCC(=O)OC[C@H](COP(=O)(O)OCCN)OC(=O)CCCCCCCCCCCCCCC","1"
"HMDB08925","PE(16:0/18:0)","HMDB0008925","5326793",NA,"C00350",NA,"CCCCCCCCCCCCCCCCCC(=O)O[C@H](COC(=O)CCCCCCCCCCCCCCC)COP(=O)(O)OCCN","1"
"HMDB00252","Sphingosine","HMDB0000252","5353955","16393","C00319","392","CCCCCCCCCCCCC/C=C/C(C(CO)N)O","1"
"HMDB12252","Linoleoyl ethanolamide","HMDB0012252","5283446","64032",NA,NA,"CCCCC/C=C\C/C=C\CCCCCCCC(=O)NCCO","1"
"HMDB04949","Ceramide (d18:1/16:0)","HMDB0004949","5283564","72959","C00195","7202","CCCCCCCCCCCCCCCC(=O)N[C@@H](CO)[C@@H](/C=C/CCCCCCCCCCCCC)O","1"
"HMDB04952","Ceramide (d18:1/22:0)","HMDB0004952","5283567","72966","C00195","7205","CCCCCCCCCCCCCCCCCCCCCC(=O)N[C@@H](CO)[C@@H](/C=C/CCCCCCCCCCCCC)O","1"
"HMDB04956","Ceramide (d18:1/24:0)","HMDB0004956","5283571","72965","C00195","7209","CCCCCCCCCCCCCCCCCCCCCCCC(=O)N[C@@H](CO)[C@@H](/C=C/CCCCCCCCCCCCC)O","1"
"HMDB04953","Cer(d18:1/24:1(15Z))","HMDB0004953","5283568",NA,"C00195","7206","CCCCCCCCCCCCC/C=C/[C@H]([C@H](CO)NC(=O)CCCCCCCCCCCCC/C=C\CCCCCCCC)O","1"
"HMDB10169","SM(d18:1/16:0)","HMDB0010169","5283590","17636","C00550",NA,"CCCCCCCCCCCCCCCC(=O)N[C@@H](COP(=O)(O)OCC[N+](C)(C)C)[C@@H](/C=C/CCCCCCCCCCCCC)O","1"
"HMDB12101","SM(d18:1/18:1(9Z))","HMDB0012101","6443882","17636","C00550",NA,"CCCCCCCCCCCCC/C=C/[C@H]([C@H](COP(=O)([O-])OCC[N+](C)(C)C)NC(=O)CCCCCCC/C=C\CCCCCCCC)O","1"
"HMDB01348","SM(d18:1/18:0)","HMDB0001348","5283588","17636","C00550","176","CCCCCCCCCCCCCCCCCC(=O)N[C@@H](COP(=O)(O)OCC[N+](C)(C)C)[C@@H](/C=C/CCCCCCCCCCCCC)O","1"
"HMDB12102","SM(d18:1/20:0)","HMDB0012102","44260124","113818","C00550",NA,"CCCCCCCCCCCCCCCCCCCC(=O)N[C@@H](COP(=O)([O-])OCC[N+](C)(C)C)[C@@H](/C=C/CCCCCCCCCCCCC)O","1"
"HMDB12104","SM(d18:1/22:1(13Z))","HMDB0012104","52931203","17636","C00550",NA,"CCCCCCCCCCCCC/C=C/[C@H]([C@H](COP(=O)([O-])OCC[N+](C)(C)C)NC(=O)CCCCCCCCCCC/C=C\CCCCCCCC)O","1"
"HMDB12103","SM(d18:1/22:0)","HMDB0012103","44260125","17636","C00550",NA,"CCCCCCCCCCCCCCCCCCCCCC(=O)N[C@@H](COP(=O)([O-])OCC[N+](C)(C)C)[C@@H](/C=C/CCCCCCCCCCCCC)O","1"
"HMDB12107","SM(d18:1/24:1(15Z))","HMDB0012107","44260126","17636","C00550",NA,"CCCCCCCCCCCCC/C=C/[C@H]([C@H](COP(=O)([O-])OCC[N+](C)(C)C)NC(=O)CCCCCCCCCCCCC/C=C\CCCCCCCC)O","1"
"HMDB11697","SM(d18:1/24:0)","HMDB0011697","5283595",NA,NA,NA,"CCCCCCCCCCCCCCCCCCCCCCCC(=O)N[C@@H](COP(=O)(O)OCC[N+](C)(C)C)[C@@H](/C=C/CCCCCCCCCCCCC)O","1"
"HMDB06725","CE(14:0)","HMDB0006725","99486","84304",NA,NA,"CCCCCCCCCCCCCC(=O)O[C@H]1CC[C@@]2([C@H]3CC[C@]4([C@H]([C@@H]3CC=C2C1)CC[C@@H]4[C@H](C)CCCC(C)C)C)C","1"
"HMDB00658","CE(16:1(9Z))","HMDB0000658","22833543","84323",NA,"5629","CCCCCC/C=C\CCCCCCCC(=O)OC1CC[C@@]2(C3CC[C@@]4([C@H](CCC4C3CC=C2C1)[C@H](C)CCCC(C)C)C)C","1"
"HMDB00885","CE(16:0)","HMDB0000885","246520","3663","C11251","5844","CCCCCCCCCCCCCCCC(=O)O[C@H]1CC[C@@]2([C@H]3CC[C@]4([C@H]([C@@H]3CC=C2C1)CC[C@@H]4[C@H](C)CCCC(C)C)C)C","1"
"HMDB10370","CE(18:3(9Z,12Z,15Z))","HMDB0010370","6436907",NA,"C02530",NA,"CC/C=C\C/C=C\C/C=C\CCCCCCCC(=O)O[C@H]1CC[C@@]2([C@H]3CC[C@]4([C@H]([C@@H]3CC=C2C1)CC[C@@H]4[C@H](C)CCCC(C)C)C)C","1"
"HMDB00610","CE(18:2(9Z,12Z))","HMDB0000610","5287939","41509","C15441","5584","CCCCC/C=C\C/C=C\CCCCCCCC(=O)O[C@H]1CC[C@@]2([C@H]3CC[C@]4([C@H]([C@@H]3CC=C2C1)CC[C@@H]4[C@H](C)CCCC(C)C)C)C","1"
"HMDB00918","CE(18:1(9Z))","HMDB0000918","5283632","46898","C14641","5872","CCCCCCCC/C=C\CCCCCCCC(=O)O[C@H]1CC[C@@]2([C@H]3CC[C@]4([C@H]([C@@H]3CC=C2C1)CC[C@@H]4[C@H](C)CCCC(C)C)C)C","1"
"HMDB10368","CE(18:0)","HMDB0010368","53480457",NA,"C02530","5898","CCCCCCCCCCCCCCCCCC(=O)O[C@H]1CC[C@@]2(C3CC[C@]4(C(C3CC=C2C1)CCC4[C@H](C)CCCC(C)C)C)C","1"
"HMDB06731","20:5 Cholesterol ester","HMDB06731","10372299","84969",NA,NA,"CC/C=C\C/C=C\C/C=C\C/C=C\C/C=C\CCCC(=O)O1CC2(C)C(=CC32CC2(C)3CC2(C)CCCC(C)C)C1","1"
"HMDB06726","CE(20:4(5Z,8Z,11Z,14Z)","HMDB06726","6479222",NA,"C02530",NA,"CCCCC/C=C\C/C=C\C/C=C\C/C=C\CCCC(=O)O[C@H]1CC[C@@]2([C@H]3CC[C@]4([C@H]([C@@H]3CC=C2C1)CC[C@@H]4[C@H](C)CCCC(C)C)C)C","1"
"HMDB06736","20:3 Cholesterol ester","HMDB06736","14274976","84346",NA,NA,"CCCCC/C=C\C/C=C\C/C=C\CCCCCCC(=O)O1CC2(C)C(=CC32CC2(C)3CC2(C)CCCC(C)C)C1","1"
"HMDB06733","22:6 Cholesterol ester","HMDB06733","14274978","74102",NA,NA,"CC/C=C\C/C=C\C/C=C\C/C=C\C/C=C\C/C=C\CCC(=O)O1CC2(C)C(=CC32CC2(C)3CC2(C)CCCC(C)C)C1","1"
"HMDB10375","CE(22:5(7Z,10Z,13Z,16Z,19Z))","HMDB0010375","53480463","131924","C04230",NA,"CC/C=C\C/C=C\C/C=C\C/C=C\C/C=C\CCCCCC(=O)O[C@H]1CC[C@@]2(C3CC[C@]4(C(C3CC=C2C1)CCC4[C@H](C)CCCC(C)C)C)C","1"
"HMDB06729","CE(22:4(7Z,10Z,13Z,16Z)","HMDB06729","16061341",NA,"C02530",NA,"CCCCC/C=C\C/C=C\C/C=C\C/C=C\CCCCCC(=O)O[C@H]1CC[C@@]2([C@H]3CC[C@]4([C@H]([C@@H]3CC=C2C1)CC[C@@H]4[C@H](C)CCCC(C)C)C)C","1"
"HMDB11565","MG(16:1(9Z)/0:0/0:0)","HMDB0011565","53480976",NA,NA,NA,"CCCCCC/C=C\CCCCCCCC(=O)OC[C@H](CO)O","1"
"HMDB11131","MG(18:0/0:0/0:0)","HMDB0011131","15560610",NA,NA,NA,"CCCCCCCCCCCCCCCCCC(=O)OC[C@H](CO)O","1"
"HMDB11582","MG(22:1(13Z)/0:0/0:0)","HMDB0011582","53480990",NA,NA,NA,"CCCCCCCC/C=C\CCCCCCCCCCCC(=O)OC[C@H](CO)O","1"
"HMDB07011","DG(14:0/16:0/0:0)","HMDB0007011","13734178",NA,NA,NA,"CCCCCCCCCCCCCCCC(=O)O[C@@H](CO)COC(=O)CCCCCCCCCCCCC","1"
"HMDB07128","DG(16:1(9Z)/16:1(9Z)/0:0)","HMDB0007128","9543679",NA,"C00165","4265","CCCCCC/C=C\CCCCCCCC(=O)OC[C@H](CO)OC(=O)CCCCCCC/C=C\CCCCCC","1"
"HMDB07099","DG(16:0/16:1(9Z)/0:0)","HMDB0007099","9543678",NA,"C00165","4264","CCCCCCCCCCCCCCCC(=O)OC[C@H](CO)OC(=O)CCCCCCC/C=C\CCCCCC","1"
"HMDB07098","DG(16:0/16:0/0:0)","HMDB0007098","644078","237189","C00165","4255","CCCCCCCCCCCCCCCC(=O)OC[C@H](CO)OC(=O)CCCCCCCCCCCCCCC","1"
"HMDB07132","DG(16:1(9Z)/18:2(9Z,12Z)/0:0)","HMDB0007132","9543699",NA,"C00165","4319","CCCCCC/C=C\CCCCCCCC(=O)OC[C@H](CO)OC(=O)CCCCCCC/C=C\C/C=C\CCCCC","1"
"HMDB07103","DG(16:0/18:2(9Z,12Z)/0:0)","HMDB0007103","9543695",NA,"C00165",NA,"CCCCCCCCCCCCCCCC(=O)OC[C@H](CO)OC(=O)CCCCCCC/C=C\C/C=C\CCCCC","1"
"HMDB07102","DG(16:0/18:1(9Z)/0:0)","HMDB0007102","5282283",NA,"C13861","4260","CCCCCCCCCCCCCCCC(=O)OC[C@H](CO)OC(=O)CCCCCCC/C=C\CCCCCCCC","1"
"HMDB07100","DG(16:0/18:0/0:0)","HMDB0007100","9543688",NA,"C00165","4274","CCCCCCCCCCCCCCCCCC(=O)O[C@@H](CO)COC(=O)CCCCCCCCCCCCCCC","1"
"HMDB07248","DG(18:2(9Z,12Z)/18:2(9Z,12Z)/0:0)","HMDB0007248","9543729",NA,"C00165","4371","CCCCC/C=C\C/C=C\CCCCCCCC(=O)OC[C@H](CO)OC(=O)CCCCCCC/C=C\C/C=C\CCCCC","1"
"HMDB07219","DG(18:1(9Z)/18:2(9Z,12Z)/0:0)","HMDB0007219","9543722",NA,"C00165","4362","CCCCCCCC/C=C\CCCCCCCC(=O)OC[C@H](CO)OC(=O)CCCCCCC/C=C\C/C=C\CCCCC","1"
"HMDB07218","DG(18:1(9Z)/18:1(9Z)/0:0)","HMDB0007218","9543716","52333","C00165","4355","CCCCCCCC/C=C\CCCCCCCC(=O)OC[C@H](CO)OC(=O)CCCCCCC/C=C\CCCCCCCC","1"
"HMDB07216","DG(18:1(9Z)/18:0/0:0)","HMDB0007216","53478090",NA,NA,NA,"CCCCCCCCCCCCCCCCCC(=O)O[C@@H](CO)COC(=O)CCCCCCC/C=C\CCCCCCCC","1"
"HMDB07158","DG(18:0/18:0/0:0)","HMDB0007158","9543705","41847","C00165","4256","CCCCCCCCCCCCCCCCCC(=O)OC[C@H](CO)OC(=O)CCCCCCCCCCCCCCCCC","1"
"HMDB07199","DG(18:1(11Z)/20:4(5Z,8Z,11Z,14Z)/0:0)","HMDB0007199","53478074",NA,NA,NA,"CCCCCC/C=C\CCCCCCCCCC(=O)OC[C@H](CO)OC(=O)CCC/C=C\C/C=C\C/C=C\C/C=C\CCCCC","1"
"HMDB42063","TG(14:0/14:0/16:0)","HMDB0042063","97045147",NA,NA,NA,"[H][C@](COC(=O)CCCCCCCCCCCCC)(COC(=O)CCCCCCCCCCCCCCC)OC(=O)CCCCCCCCCCCCC","1"
"HMDB42093","TG(14:0/15:0/16:0)","HMDB0042093","131753239",NA,NA,NA,"[H][C@](COC(=O)CCCCCCCCCCCCC)(COC(=O)CCCCCCCCCCCCCCC)OC(=O)CCCCCCCCCCCCCC","1"
"HMDB10419","TG(16:1(9Z)/14:0/16:1(9Z))[iso3]","HMDB10419","53480484",NA,NA,NA,"CCCCCCCCCCCCCC(=O)OC(COC(=O)CCCCCCC/C=C\CCCCCC)COC(=O)CCCCCCC/C=C\CCCCCC","1"
"HMDB10412","TG(16:0/14:0/16:1(9Z))[iso6]","HMDB10412","53480480",NA,NA,NA,"CCCCCCCCCCCCCCCC(=O)OC[C@H](COC(=O)CCCCCCC/C=C\CCCCCC)OC(=O)CCCCCCCCCCCCC","1"
"HMDB10411","TG(16:0/14:0/16:0)[iso3]","HMDB10411","545606",NA,NA,NA,"CCCCCCCCCCCCCCCC(=O)OCC(COC(=O)CCCCCCCCCCCCCCC)OC(=O)CCCCCCCCCCCCC","1"
"HMDB05432","TG(16:1(9Z)/16:1(9Z)/16:1(9Z))[iso]","HMDB05432","9543989",NA,NA,"4719","CCCCCC/C=C\CCCCCCCC(=O)OCC(OC(=O)CCCCCCC/C=C\CCCCCC)COC(=O)CCCCCCC/C=C\CCCCCC","1"
"HMDB05376","TG(16:0/16:1(9Z)/16:1(9Z))[iso3]","HMDB05376","9543987",NA,"C00422","4717","CCCCCCCCCCCCCCCC(=O)OC[C@H](COC(=O)CCCCCCC/C=C\CCCCCC)OC(=O)CCCCCCC/C=C\CCCCCC","1"
"HMDB05359","TG(16:0/16:0/16:1(9Z))[iso3]","HMDB05359","9543986",NA,"C00422","4716","CCCCCCCCCCCCCCCC(=O)OC[C@H](COC(=O)CCCCCCC/C=C\CCCCCC)OC(=O)CCCCCCCCCCCCCCC","1"
"HMDB05356","TG(16:0/16:0/16:0)[iso]","HMDB05356","11147",NA,NA,"3857","CCCCCCCCCCCCCCCC(=O)OCC(COC(=O)CCCCCCCCCCCCCCC)OC(=O)CCCCCCCCCCCCCCC","1"
"HMDB10471","TG(18:2(9Z,12Z)/14:0/18:3(9Z,12Z,15Z))[iso6]","HMDB10471","53480527",NA,NA,NA,"CCCCCCCCCCCCCC(=O)O[C@H](COC(=O)CCCCCCC/C=C\C/C=C\CCCCC)COC(=O)CCCCCCC/C=C\C/C=C\C/C=C\CC","1"
"HMDB05435","TG(16:1(9Z)/16:1(9Z)/18:2(9Z,12Z))[iso3]","HMDB05435","25240359",NA,"C00422",NA,"CCCCCC/C=C\CCCCCCCC(=O)OC[C@H](COC(=O)CCCCCCC/C=C\C/C=C\CCCCC)OC(=O)CCCCCCC/C=C\CCCCCC","1"
"HMDB05433","TG(16:1(9Z)/16:1(9Z)/18:1(9Z))[iso3]","HMDB05433","25240357",NA,"C00422","4751","CCCCCCCC/C=C\CCCCCCCC(=O)OC[C@@H](COC(=O)CCCCCCC/C=C\CCCCCC)OC(=O)CCCCCCC/C=C\CCCCCC","1"
"HMDB05377","TG(16:0/16:1(9Z)/18:1(9Z))[iso6]","HMDB05377","9544011",NA,"C00422",NA,"CCCCCCCCCCCCCCCC(=O)OC[C@H](COC(=O)CCCCCCC/C=C\CCCCCCCC)OC(=O)CCCCCCC/C=C\CCCCCC","1"
"HMDB05360","TG(16:0/16:0/18:1(9Z))[iso3]","HMDB05360","25240460",NA,"C00422","4705","CCCCCCCCCCCCCCCC(=O)OC[C@H](COC(=O)CCCCCCC/C=C\CCCCCCCC)OC(=O)CCCCCCCCCCCCCCC","1"
"HMDB05357","TG(16:0/16:0/18:0)[iso3]","HMDB05357","3246953",NA,"C00422","4703","CCCCCCCCCCCCCCCCCC(=O)OC[C@@H](COC(=O)CCCCCCCCCCCCCCC)OC(=O)CCCCCCCCCCCCCCC","1"
"HMDB11701","TG(15:0/16:0/20:3(8Z,11Z,14Z))[iso6]","HMDB11701","53481033",NA,NA,NA,"CCCCCCCCCCCCCCCC(=O)O[C@H](COC(=O)CCCCCCCCCCCCCC)COC(=O)CCCCCC/C=C\C/C=C\C/C=C\CCCCC","1"
"HMDB05362","TG(16:0/16:0/18:2(9Z,12Z))[iso3]","HMDB05362","25240356",NA,"C00422","4743","CCCCCCCCCCCCCCCC(=O)OC[C@H](COC(=O)CCCCCCC/C=C\C/C=C\CCCCC)OC(=O)CCCCCCCCCCCCCCC","1"
"HMDB42104","TG(14:0/15:0/22:1(13Z))","HMDB0042104","131753250",NA,NA,NA,"[H][C@](COC(=O)CCCCCCCCCCCCC)(COC(=O)CCCCCCCCCCC\C=C/CCCCCCCC)OC(=O)CCCCCCCCCCCCCC","1"
"HMDB31106","Glycerol triheptadecanoate","HMDB0031106","3625612",NA,NA,NA,"CCCCCCCCCCCCCCCCC(=O)OCC(COC(=O)CCCCCCCCCCCCCCCC)OC(=O)CCCCCCCCCCCCCCCC","1"
"HMDB05436","TG(16:1(9Z)/16:1(9Z)/20:4(5Z,8Z,11Z,14Z))[iso3]","HMDB05436","9544179",NA,"C00422",NA,"CCCCCC/C=C\CCCCCCCC(=O)OC[C@H](COC(=O)CCC/C=C\C/C=C\C/C=C\C/C=C\CCCCC)OC(=O)CCCCCCC/C=C\CCCCCC","1"
"HMDB05380","TG(16:0/16:1(9Z)/20:4(5Z,8Z,11Z,14Z))[iso6]","HMDB05380","9544150",NA,"C00422",NA,"CCCCCCCCCCCCCCCC(=O)OC[C@H](COC(=O)CCC/C=C\C/C=C\C/C=C\C/C=C\CCCCC)OC(=O)CCCCCCC/C=C\CCCCCC","1"
"HMDB05363","TG(16:0/16:0/20:4(5Z,8Z,11Z,14Z))[iso3]","HMDB05363","9544125",NA,"C00422",NA,"CCCCCCCCCCCCCCCC(=O)OC[C@H](COC(=O)CCC/C=C\C/C=C\C/C=C\C/C=C\CCCCC)OC(=O)CCCCCCCCCCCCCCC","1"
"HMDB05384","TG(16:0/18:1(9Z)/18:2(9Z,12Z))[iso6]","HMDB05384","25240361",NA,"C00422",NA,"CCCCCCCCCCCCCCCC(=O)OC[C@H](COC(=O)CCCCCCC/C=C\C/C=C\CCCCC)OC(=O)CCCCCCC/C=C\CCCCCCCC","1"
"HMDB05369","TG(16:0/18:0/18:2(9Z,12Z))[iso6]","HMDB05369","9544069",NA,"C00422",NA,"CCCCCCCCCCCCCCCCCC(=O)O[C@H](COC(=O)CCCCCCCCCCCCCCC)COC(=O)CCCCCCC/C=C\C/C=C\CCCCC","1"
"HMDB05367","TG(16:0/18:0/18:1(9Z))[iso6]","HMDB05367","5365005","89755",NA,NA,"CCCCCCCCCCCCCCCCCC(=O)OC(COC(=O)CCCCCCCCCCCCCCC)COC(=O)CCCCCCC/C=C\CCCCCCCC","1"
"HMDB05365","TG(16:0/18:0/18:0)","HMDB0005365","99647664",NA,"C00422","4768","[H][C@](COC(=O)CCCCCCCCCCCCCCC)(COC(=O)CCCCCCCCCCCCCCCCC)OC(=O)CCCCCCCCCCCCCCCCC","1"
"HMDB43058","TG(15:0/18:0/20:3(5Z,8Z,11Z))","HMDB0043058","131754189",NA,NA,NA,"[H][C@](COC(=O)CCCCCCCCCCCCCC)(COC(=O)CCC\C=C/C\C=C/C\C=C/CCCCCCCC)OC(=O)CCCCCCCCCCCCCCCCC","1"
"HMDB05391","TG(16:0/18:2(9Z,12Z)/20:4(5Z,8Z,11Z,14Z))[iso6]","HMDB05391","9544362",NA,"C00422",NA,"CCCCCCCCCCCCCCCC(=O)OC[C@H](COC(=O)CCC/C=C\C/C=C\C/C=C\C/C=C\CCCCC)OC(=O)CCCCCCC/C=C\C/C=C\CCCCC","1"
"HMDB05385","TG(16:0/18:1(9Z)/20:4(5Z,8Z,11Z,14Z))[iso6]","HMDB05385","9544319",NA,"C00422",NA,"CCCCCCCCCCCCCCCC(=O)OC[C@H](COC(=O)CCC/C=C\C/C=C\C/C=C\C/C=C\CCCCC)OC(=O)CCCCCCC/C=C\CCCCCCCC","1"
"HMDB05370","TG(16:0/18:0/20:4(5Z,8Z,11Z,14Z))[iso6]","HMDB05370","9544279",NA,"C00422",NA,"CCCCCCCCCCCCCCCCCC(=O)O[C@H](COC(=O)CCCCCCCCCCCCCCC)COC(=O)CCC/C=C\C/C=C\C/C=C\C/C=C\CCCCC","1"
"HMDB05405","TG(18:0/18:1(9Z)/18:2(9Z,12Z))[iso6]","HMDB05405","9544216",NA,"C00422",NA,"CCCCCCCCCCCCCCCCCC(=O)OC[C@H](COC(=O)CCCCCCC/C=C\C/C=C\CCCCC)OC(=O)CCCCCCC/C=C\CCCCCCCC","1"
"HMDB05403","TG(18:0/18:1(9Z)/18:1(9Z))[iso3]","HMDB05403","16058372",NA,"C00422","4913","CCCCCCCCCCCCCCCCCC(=O)OC[C@H](COC(=O)CCCCCCC/C=C\CCCCCCCC)OC(=O)CCCCCCC/C=C\CCCCCCCC","1"
"HMDB05395","TG(18:0/18:0/18:1(9Z))[iso3]","HMDB05395","16058371",NA,"C00422","4884","CCCCCCCCCCCCCCCCCC(=O)OC[C@H](COC(=O)CCCCCCC/C=C\CCCCCCCC)OC(=O)CCCCCCCCCCCCCCCCC","1"
"HMDB42466","TG(14:0/22:1(13Z)/18:2(9Z,12Z))","HMDB0042466","131753603",NA,NA,NA,"[H][C@](COC(=O)CCCCCCCCCCCCC)(COC(=O)CCCCCCC\C=C/C\C=C/CCCCC)OC(=O)CCCCCCCCCCC\C=C/CCCCCCCC","1"
"HMDB42226","TG(14:0/22:0/18:2(9Z,12Z))","HMDB0042226","131753368",NA,NA,NA,"[H][C@](COC(=O)CCCCCCCCCCCCC)(COC(=O)CCCCCCC\C=C/C\C=C/CCCCC)OC(=O)CCCCCCCCCCCCCCCCCCCCC","1"
"HMDB05462","TG(18:1(9Z)/18:2(9Z,12Z)/20:4(5Z,8Z,11Z,14Z))[iso6]","HMDB05462","9544702",NA,"C00422",NA,"CCCCCCCC/C=C\CCCCCCCC(=O)OC[C@H](COC(=O)CCC/C=C\C/C=C\C/C=C\C/C=C\CCCCC)OC(=O)CCCCCCC/C=C\C/C=C\CCCCC","1"
"HMDB05456","TG(18:1(9Z)/18:1(9Z)/20:4(5Z,8Z,11Z,14Z))[iso3]","HMDB05456","9544639",NA,"C00422",NA,"CCCCCCCC/C=C\CCCCCCCC(=O)OC[C@H](COC(=O)CCC/C=C\C/C=C\C/C=C\C/C=C\CCCCC)OC(=O)CCCCCCC/C=C\CCCCCCCC","1"
"HMDB05398","TG(18:0/18:0/20:4(5Z,8Z,11Z,14Z))[iso3]","HMDB05398","9544519",NA,"C00422",NA,"CCCCCCCCCCCCCCCCCC(=O)OC[C@H](COC(=O)CCC/C=C\C/C=C\C/C=C\C/C=C\CCCCC)OC(=O)CCCCCCCCCCCCCCCCC","1"
"HMDB05410","TG(18:0/18:2(9Z,12Z)/20:1(11Z))[iso6]","HMDB05410","25240377",NA,"C00422",NA,"CCCCCCCCCCCCCCCCCC(=O)OC[C@H](COC(=O)CCCCCCCCC/C=C\CCCCCCCC)OC(=O)CCCCCCC/C=C\C/C=C\CCCCC","1"
"HMDB05404","TG(18:0/18:1(9Z)/20:1(11Z))[iso6]","HMDB05404","25240375",NA,"C00422",NA,"CCCCCCCCCCCCCCCCCC(=O)OC[C@H](COC(=O)CCCCCCCCC/C=C\CCCCCCCC)OC(=O)CCCCCCC/C=C\CCCCCCCC","1"
"HMDB05396","TG(18:0/18:0/20:1(11Z))[iso3]","HMDB05396","9544351",NA,"C00422",NA,"CCCCCCCCCCCCCCCCCC(=O)OC[C@H](COC(=O)CCCCCCCCC/C=C\CCCCCCCC)OC(=O)CCCCCCCCCCCCCCCCC","1"
"HMDB05476","TG(18:2(9Z,12Z)/20:4(5Z,8Z,11Z,14Z)/20:4(5Z,8Z,11Z,14Z))[iso3]","HMDB05476","9545277",NA,"C00422",NA,"CCCCC/C=C\C/C=C\CCCCCCCC(=O)OC[C@H](COC(=O)CCC/C=C\C/C=C\C/C=C\C/C=C\CCCCC)OC(=O)CCC/C=C\C/C=C\C/C=C\C/C=C\CCCCC","1"
"HMDB00067","Cholesterol","HMDB0000067","5997","1307929","C00187","163","C[C@H](CCCC(C)C)[C@H]1CC[C@@H]2[C@@]1(CC[C@H]3[C@H]2CC=C4[C@@]3(CCC(C4)O)C)C","1"
"HMDB29377","Piperine","HMDB0029377","638024","28821","C03882",NA,"O=C(\C=C\C=C\C1=CC2=C(OCO2)C=C1)N1CCCCC1","1"
"redundant ion","NA","NA","NA","NA","NA","NA","NA","0"
"HMDB02123","1,3,7-Trimethyluric acid","HMDB0002123","79437","691622","C16361",NA,"CN1C(=O)NC2=C1C(=O)N(C)C(=O)N2C","1"
"HMDB00510","Aminoadipic acid","HMDB0000510","469","37024","C00956","5496","NC(CCCC(=O)O)C(=O)O","1"
"HMDB00452","L-Alpha-aminobutyric acid","HMDB0000452","80283","35619","C02356","12","CC[C@@H](C(=O)O)N","1"
"HMDB00407","2-hydroxy-3-methyl-butyric acid","HMDB00407","853180","60631",NA,NA,"CC(C)(O)C(=O)O","1"
"HMDB00317","2-Hydroxy-3-methylpentanoic acid","HMDB0000317","10796774","89228",NA,"5306","CC[C@@H](C)[C@H](C(=O)O)O","1"
"HMDB59655","2-hydroxyglutaric acid","HMDB0059655","43","17084","C02630",NA,"OC(CCC(O)=O)C(O)=O","1"
"HMDB00355","3-hydroxymethyl-glutaric acid","HMDB00355","10329583","138367",NA,NA,"O=C(O)CC(CO)CC(=O)O","1"
"HMDB00555","3-methyl-adipic acid","HMDB00555","12292","68503",NA,NA,"CC(CCC(=O)O)CC(=O)O","1"
"HMDB00522","3-Methylglutaconic acid","HMDB0000522","1551553","37245",NA,"5507","C/C(=C\C(=O)O)/CC(=O)O","1"
"HMDB11718","4-Hydroxybenzaldehyde","HMDB0011718","126","17597","C00633",NA,"OC1=CC=C(C=O)C=C1","1"
"HMDB29757","4-Hydroxybenzeneacetonitrile","HMDB0029757","26548","16667","C03766",NA,"OC1=CC=C(CC#N)C=C1","1"
"HMDB00873","4-Methylcatechol","HMDB0000873","9958","17254","C06730","5834","CC1=CC(O)=C(O)C=C1","1"
"HMDB01232","4-Nitrophenol","HMDB0001232","980","16836","C00870","4100","OC1=CC=C(C=C1)[N+]([O-])=O","1"
"HMDB00017","4-Pyridoxic acid","HMDB0000017","6723","17405","C00847","239","CC1=NC=C(CO)C(C(O)=O)=C1O","1"
"HMDB04400","5-Acetylamino-6-amino-3-methyluracil","HMDB0004400","88299",NA,"C16366",NA,"CN1C(=O)NC(N)=C(NC(C)=O)C1=O","1"
"HMDB00529","5E-dodecenoic acid","HMDB00529","5312377",NA,NA,NA,"CCCCCC/C=C/CCCC(=O)O","1"
"HMDB00766","N-Acetyl-L-alanine","HMDB0000766","88064","40992",NA,"5733","C[C@H](NC(C)=O)C(O)=O","1"
"HMDB00034","Adenine","HMDB0000034","190","16708","C00147","85","NC1=C2NC=NC2=NC=N1","1"
"HMDB00448","Adipic acid","HMDB0000448","196","30832","C06104","115","C(CCC(=O)O)CC(=O)O","1"
"HMDB00161","L-Alanine","HMDB0000161","5950","16977","C00041",NA,"C[C@H](N)C(O)=O","1"
"HMDB00126","Glycerol 3-phosphate","HMDB0000126","439162","15978","C00093","5161","C([C@H](COP(=O)(O)O)O)O","1"
"HMDB62781","NA","NA","NA","NA","NA","NA","NA","0"
"HMDB00019","Alpha-ketoisovaleric acid","HMDB0000019","49","16530","C00141","5091","CC(C)C(=O)C(=O)O","1"
"HMDB00517","L-Arginine","HMDB0000517","6322","16467","C00062","5502","N[C@@H](CCCNC(N)=N)C(O)=O","1"
"HMDB00044","Ascorbic acid","HMDB0000044","54670067","29073","C01041","3753","[H][C@@]1(OC(=O)C(O)=C1O)[C@@H](O)CO","1"
"HMDB00168","L-Asparagine","HMDB0000168","6267","17196","C00152","14","N[C@@H](CC(N)=O)C(O)=O","1"
"HMDB00191","L-Aspartic acid","HMDB0000191","5960","17053","C00049","5206","N[C@@H](CC(O)=O)C(O)=O","1"
"HMDB00039","Butyric acid","HMDB0000039","264","30772","C00246","107","CCCC(=O)O","1"
"HMDB00482","Caprylic acid","HMDB0000482","379","28837","C06423","5469","CCCCCCCC(=O)O","1"
"HMDB11621","Cinnamoylglycine","HMDB0011621","709625","68616",NA,NA,"OC(=O)CNC(=O)\C=C\C1=CC=CC=C1","1"
"HMDB00094","Citric acid","HMDB0000094","311","30769","C00158","124","OC(=O)CC(O)(CC(O)=O)C(O)=O","1"
"HMDB00904","Citrulline","HMDB0000904","9750","16349","C00327","16","N[C@@H](CCCNC(N)=O)C(O)=O","1"
"HMDB01547","Corticosterone","HMDB0001547","5753","16827","C02140","6314","C[C@]12CCC(=O)C=C1CC[C@@H]3[C@@H]2[C@H](C[C@]4([C@H]3CC[C@@H]4C(=O)CO)C)O","1"
"HMDB00192","L-Cystine","HMDB0000192","67678","16283","C00491","5207","N[C@@H](CSSC[C@H](N)C(O)=O)C(O)=O","1"
"HMDB01202","dCMP","HMDB0001202","13945","15918","C00239","6078","NC1=NC(=O)N(C=C1)[C@H]1C[C@H](O)[C@@H](COP(O)(O)=O)O1","1"
"HMDB01370","meso-2,6-Diaminoheptanedioate","HMDB0001370","99290","16488 30308","C00666","352","N[C@@H](CCC[C@H](N)C(O)=O)C(O)=O","1"
"HMDB03349","L-Dihydroorotic acid","HMDB0003349","439216","17025","C00337","6899","OC(=O)[C@@H]1CC(=O)NC(=O)N1","1"
"HMDB01227","5-Thymidylic acid","HMDB0001227","9700","17013","C00364","6092","CC1=CN([C@H]2C[C@H](O)[C@@H](COP(O)(O)=O)O2)C(=O)NC1=O","1"
"HMDB00365","TG(14:0/i-19:0/i-24:0)","HMDB0100365","131808527",NA,NA,NA,"[H][C@](COC(=O)CCCCCCCCCCCCC)(COC(=O)CCCCCCCCCCCCCCCCCCCCC(C)C)OC(=O)CCCCCCCCCCCCCCCC(C)C","1"
"HMDB00613","Erythronic acid","HMDB0000613","2781043","37655",NA,"5586","OC[C@@H](O)[C@@H](O)C(O)=O","1"
"HMDB10325","Ethyl glucuronide","HMDB0010325","18392195","87248",NA,NA,"CCO[C@@H]1O[C@@H]([C@@H](O)[C@H](O)[C@H]1O)C(O)=O","1"
"HMDB00122","D-Glucose","HMDB0000122","5793","4167","C00221","133","OC[C@H]1O[C@@H](O)[C@H](O)[C@@H](O)[C@@H]1O","1"
"HMDB00174","L-Fucose","HMDB0000174","25310","62346","C01019","5812","C[C@H]1[C@H]([C@H]([C@@H](C(O1)O)O)O)O","1"
"HMDB00134","Fumaric acid","HMDB0000134","444972","18012","C00122","3242","OC(=O)\C=C\C(O)=O","1"
"HMDB15371","Gemfibrozil","HMDB0015371","3463","5296","C07020",NA,"CC1=CC(OCCCC(C)(C)C(O)=O)=C(C)C=C1","1"
"HMDB00152","Gentisic acid","HMDB0000152","3469","17189","C00628","618","OC(=O)C1=C(O)C=CC(O)=C1","1"
"HMDB03339","D-Glutamic acid","HMDB0003339","23327","15966","C00217","6895","N[C@H](CCC(O)=O)C(O)=O","1"
"HMDB00139","Glyceric acid","HMDB0000139","439194","32398","C00258","280","OC[C@@H](O)C(O)=O","1"
"HMDB00132","Guanine","HMDB0000132","764","16235","C00242","315","NC1=NC(=O)C2=C(N1)N=CN2","1"
"HMDB00133","Guanosine","HMDB0000133","6802","16750","C00387","87","NC1=NC2=C(N=CN2[C@@H]2O[C@H](CO)[C@@H](O)[C@H]2O)C(=O)N1","1"
"HMDB02259","Heptadecanoic acid","HMDB0002259","10465","32365",NA,"6578","CCCCCCCCCCCCCCCCC(=O)O","1"
"HMDB00118","Homovanillic acid","HMDB0000118","1738","545959","C05582","971","COC1=CC(CC(O)=O)=CC=C1O","1"
"HMDB00157","Hypoxanthine","HMDB0000157","790","17368","C00262","83","OC1=NC=NC2=C1NC=N2","1"
"HMDB02320","Imidazolelactic acid","HMDB0002320","459122","70808","C05132","6617","OC(CN1C=CN=C1)C(O)=O","1"
"HMDB02302","Indole-3-propionic acid","HMDB0002302","3744","43580",NA,"6602","OC(=O)CCC1=CNC2=C1C=CC=C2","1"
"HMDB00195","Inosine","HMDB0000195","6021","17596","C00294","84","OC[C@H]1O[C@H]([C@H](O)[C@@H]1O)N1C=NC2=C(O)N=CN=C12","1"
"HMDB00190","L-Lactic acid","HMDB0000190","107689","422","C00186","5205","C[C@H](O)C(O)=O","1"
"HMDB00186","Alpha-Lactose","HMDB0000186","84571","36219","C00243","267","OC[C@H]1O[C@@H](O[C@H]2[C@H](O)[C@@H](O)[C@@H](O)O[C@@H]2CO)[C@H](O)[C@@H](O)[C@H]1O","1"
"HMDB00687","L-Leucine","HMDB0000687","6106","15603","C00123","24","CC(C)C[C@H](N)C(O)=O","1"
"HMDB00156","L-Malic acid","HMDB0000156","222656","30797","C00149",NA,"O[C@@H](CC(O)=O)C(O)=O","1"
"HMDB00691","Malonic acid","HMDB0000691","867","30794","C04025","3237","O=C(O)CC(=O)O","1"
"HMDB00696","L-Methionine","HMDB0000696","6137","16643","C00073","5664","CSCC[C@H](N)C(O)=O","1"
"HMDB00206","N6-Acetyl-L-lysine","HMDB0000206","92832","17752","C02727","5216","CC(=O)NCCCC[C@H](N)C(O)=O","1"
"HMDB01138","N-Acetylglutamic acid","HMDB0001138","70914","17533","C00624","6031","CC(=O)N[C@@H](CCC(O)=O)C(O)=O","1"
"HMDB01488","Nicotinic acid","HMDB0001488","938","15940","C00253","6272","OC(=O)C1=CN=CC=C1","1"
"HMDB00216","Norepinephrine","HMDB0000216","439260","18357","C00547","5226","NC[C@H](O)C1=CC(O)=C(O)C=C1","1"
"HMDB00226","Orotic acid","HMDB0000226","967","16742","C00295","318","OC(=O)C1=CC(=O)NC(=O)N1","1"
"HMDB02329","Oxalic acid","HMDB0002329","971","16995","C00209","113","OC(=O)C(O)=O","1"
"HMDB00210","Pantothenic acid","HMDB0000210","6613","46905","C00864",NA,"CC(C)(CO)[C@@H](O)C(=O)NCCC(O)=O","1"
"HMDB00124","Fructose 6-phosphate","HMDB0000124","69507","15946","C00085","5159","OCC(=O)[C@@H](O)[C@H](O)[C@H](O)COP(O)(O)=O","1"
"HMDB00209","Phenylacetic acid","HMDB0000209","999","30745","C07086","129","OC(=O)CC1=CC=CC=C1","1"
"HMDB06344","Phenylacetylglutamine","HMDB0006344","92258","17884","C04148",NA,"NC(=O)CC[C@H](NC(=O)CC1=CC=CC=C1)C(O)=O","1"
"HMDB00162","L-Proline","HMDB0000162","145742","17203","C00148","29","OC(=O)[C@@H]1CCCN1","1"
"HMDB00237","Propionic acid","HMDB0000237","1032","30768","C00163","3215","CCC(=O)O","1"
"HMDB00767","Pseudouridine","HMDB0000767","15047","17802","C02067","5734","OC[C@H]1O[C@H]([C@H](O)[C@@H]1O)C1=CNC(=O)NC1=O","1"
"HMDB00957","Pyrocatechol","HMDB0000957","289","18135","C15571","282","OC1=CC=CC=C1O","1"
"HMDB00244","Riboflavin","HMDB0000244","493570","17015","C00255","5249","CC1=C(C)C=C2N(C[C@H](O)[C@H](O)[C@H](O)CO)C3=NC(=O)NC(=O)C3=NC2=C1","1"
"HMDB00884","Ribothymidine","HMDB0000884","445408","45996",NA,"5843","CC1=CN([C@@H]2O[C@H](CO)[C@@H](O)[C@H]2O)C(=O)NC1=O","1"
"HMDB00187","L-Serine","HMDB0000187","5951","17115","C00065","5203","N[C@@H](CO)C(O)=O","1"
"HMDB03070","Shikimic acid","HMDB0003070","8742","16119","C00493","338","O[C@@H]1CC(=C[C@@H](O)[C@H]1O)C(O)=O","1"
"HMDB00247","Sorbitol","HMDB0000247","5780","17924","C00794","143","OC[C@H](O)[C@@H](O)[C@H](O)[C@H](O)CO","1"
"HMDB00893","Suberic acid","HMDB0000893","10457","9300","C08278","4243","C(CCCC(=O)O)CCC(=O)O","1"
"HMDB00254","Succinic acid","HMDB0000254","1110","15741","C00042","114","O=C(O)CCC(=O)O","1"
"HMDB00956","Tartaric acid","HMDB0000956","444305","15671","C00898",NA,"O[C@H]([C@@H](O)C(O)=O)C(O)=O","1"
"HMDB00251","Taurine","HMDB0000251","1123","15891","C00245","31","NCCS(O)(=O)=O","1"
"HMDB37942","(1xi,3xi)-1,2,3,4-Tetrahydro-1-methyl-beta-carboline-3-carboxylic acid","HMDB0037942","73530",NA,NA,NA,"CC1NC(CC2=C1NC1=CC=CC=C21)C(O)=O","1"
"HMDB00167","L-Threonine","HMDB0000167","6288","16857","C00188","32","C[C@@H](O)[C@H](N)C(O)=O","1"
"HMDB00262","Thymine","HMDB0000262","1135","17821","C00178","290","CC1=CNC(=O)NC1=O","1"
"HMDB00929","L-Tryptophan","HMDB0000929","6305","16828","C00078","5879","N[C@@H](CC1=CNC2=C1C=CC=C2)C(O)=O","1"
"HMDB00158","L-Tyrosine","HMDB0000158","6057","17895","C00082","34","N[C@@H](CC1=CC=C(O)C=C1)C(O)=O","1"
"HMDB00300","Uracil","HMDB0000300","1174","17568","C00106","258","O=C1NC=CC(=O)N1","1"
"HMDB00289","Uric acid","HMDB0000289","1175","17775","C00366","88","O=C1NC2=C(N1)C(=O)NC(=O)N2","1"
"HMDB00296","Uridine","HMDB0000296","6029","16704","C00299","90","OC[C@H]1O[C@H]([C@H](O)[C@@H]1O)N1C=CC(=O)NC1=O","1"
"HMDB00892","Valeric acid","HMDB0000892","7991","17418","C00803","110","CCCCC(=O)O","1"
"HMDB00292","Xanthine","HMDB0000292","1188","17712","C00385","82","O=C1NC2=C(NC=N2)C(=O)N1","1"
"HMDB00881","Xanthurenic acid","HMDB0000881","5699","10072","C02470","5841","OC(=O)C1=NC2=C(O)C=CC=C2C(O)=C1","1"
"HMDB00098","D-Xylose","HMDB0000098","135191","53455","C00181","314","O[C@@H]1COC(O)[C@H](O)[C@H]1O","1"
"HMDB13733","1,2,4-Trimethylbenzene","HMDB0013733","7247","34039","C14533",NA,"CC1=CC(C)=C(C)C=C1","1"
"HMDB00054","Bilirubin","HMDB0000054","5280352","16990","C00486","81","CC1=C(C=C)\C(NC1=O)=C\C1=C(C)C(CCC(O)=O)=C(CC2=C(CCC(O)=O)C(C)=C(N2)\C=C2/NC(=O)C(C=C)=C2C)N1","1"
"HMDB00089","Cytidine","HMDB0000089","6253","17562","C00475","3376","NC1=NC(=O)N(C=C1)[C@@H]1O[C@H](CO)[C@@H](O)[C@H]1O","1"
"HMDB00714","Hippuric acid","HMDB0000714","464","18089","C01586","1301","OC(=O)CNC(=O)C1=CC=CC=C1","1"
"HMDB00123","Glycine","HMDB0000123","750","15428","C00037","20","NCC(O)=O","1"
"HMDB00148","L-Glutamic acid","HMDB0000148","33032","16015","C00025","5174","N[C@@H](CCC(O)=O)C(O)=O","1"
"HMDB00641","L-Glutamine","HMDB0000641","5961","18050","C00064","5614","N[C@@H](CCC(N)=O)C(O)=O","1"
"HMDB00177","L-Histidine","HMDB0000177","6274","15971","C00135","21","N[C@@H](CC1=CN=CN1)C(O)=O","1"
"HMDB00182","L-Lysine","HMDB0000182","5962","18019","C00047","5200","NCCCC[C@H](N)C(O)=O","1"
"HMDB00883","L-Valine","HMDB0000883","6287","16414","C00183","5842","CC(C)[C@H](N)C(O)=O","1"
"HMDB00172","L-Isoleucine","HMDB0000172","6306","17191","C00407","5193","CC[C@H](C)[C@@H](C(=O)O)N","1"
"HMDB00159","L-Phenylalanine","HMDB0000159","6140","17295","C00079","28","N[C@@H](CC1=CC=CC=C1)C(O)=O","1"
"HMDB00725","4-Hydroxyproline","HMDB0000725","5810","18095","C01157","257","O[C@H]1CN[C@@H](C1)C(O)=O","1"
"HMDB00214","Ornithine","HMDB0000214","6262","15729","C00077","27","NCCC[C@H](N)C(O)=O","1"
"HMDB00472","5-Hydroxy-L-tryptophan","HMDB0000472","439280","17780","C00643",NA,"N[C@@H](CC1=CNC2=C1C=C(O)C=C2)C(O)=O","1"
"HMDB00259","Serotonin","HMDB0000259","5202","28790","C00780","74","NCCC1=CNC2=C1C=C(O)C=C2","1"
"HMDB00092","Dimethylglycine","HMDB0000092","673","17724","C01026","277","CN(C)CC(O)=O","1"
"HMDB01539","Asymmetric dimethylarginine","HMDB0001539","123831","17929","C03626","6309","N[C@@H](CCC\N=C(/N)N(C)C)C(O)=O","1"
"HMDB29416","L-Targinine","HMDB0029416","132862","28229","C03884",NA,"CNC(=N)NCCC[C@H](N)C(O)=O","1"
"HMDB01906","2-Aminoisobutyric acid","HMDB0001906","6119","27971","C03665","37","CC(C)(N)C(=O)O","1"
"HMDB00715","Kynurenic acid","HMDB0000715","3845","18344","C01717","5683","OC(=O)C1=CC(=O)C2=CC=CC=C2N1","1"
"HMDB00898","1-Methylhistamine","HMDB0000898","3614","29009","C05127","5854","CN1C=NC(CCN)=C1","1"
"HMDB00870","Histamine","HMDB0000870","774","18295","C00388","68","NCCC1=CNC=N1","1"
"HMDB00026","Ureidopropionic acid","HMDB0000026","111","18261","C02642","5097","NC(=O)NCCC(O)=O","1"
"HMDB01406","Niacinamide","HMDB0001406","936","17154","C00153","1497","NC(=O)C1=CC=CN=C1","1"
"HMDB00043","Betaine","HMDB0000043","247","17750","C00719","287","C[N+](C)(C)CC([O-])=O","1"
"HMDB00097","Choline","HMDB0000097","305","15354","C00114","56","C[N+](C)(C)CCO","1"
"HMDB00086","Glycerophosphocholine","HMDB0000086","71920","16870","C00670","370","C[N+](C)(C)CCOP(=O)([O-])OC[C@H](CO)O","1"
"HMDB00895","Acetylcholine chloride","HMDB0000895","6060","15355","C01996","57","CC(=O)OCC[N+](C)(C)C","1"
"HMDB01257","Spermidine","HMDB0001257","1102","16610","C00315","254","NCCCCNCCCN","1"
"HMDB00064","Creatine","HMDB0000064","586","16919","C00300","7","CN(CC(O)=O)C(N)=N","1"
"HMDB00562","Creatinine","HMDB0000562","588","16737","C00791","8","CN1CC(=O)NC1=N","1"
"HMDB00925","Trimethylamine N-oxide","HMDB0000925","1145","15724","C01104","5876","C[N+](C)(C)[O-]","1"
"HMDB00050","Adenosine","HMDB0000050","60961","16335","C00212","86","NC1=C2N=CN([C@@H]3O[C@H](CO)[C@@H](O)[C@H]3O)C2=NC=N1","1"
"HMDB00630","Cytosine","HMDB0000630","597","16040","C00380","283","NC1=CC=NC(=O)N1","1"
"HMDB00101","Deoxyadenosine","HMDB0000101","13730","17256","C00559","3382","NC1=C2N=CN([C@H]3C[C@H](O)[C@@H](CO)O3)C2=NC=N1","1"
"HMDB00014","Deoxycytidine","HMDB0000014","13711","15698","C00881","3367","NC1=NC(=O)N(C=C1)[C@H]1C[C@H](O)[C@@H](CO)O1","1"
"HMDB01046","Cotinine","HMDB0001046","408","127762",NA,"1531","CN1C(CCC1=O)C1=CN=CC=C1","1"
"HMDB00716","L-Pipecolic acid","HMDB0000716","439227","30913","C00408","5684","OC(=O)[C@@H]1CCCCN1","1"
"HMDB01149","5-Aminolevulinic acid","HMDB0001149","137","17549","C00430","6037","NCC(=O)CCC(=O)O","1"
"HMDB00699","1-Methylnicotinamide","HMDB0000699","457","16797","C02918","5667","C[N+]1=CC=CC(=C1)C(N)=O","1"
"HMDB01161","4-Trimethylammoniobutanoic acid","HMDB0001161","134","1941","C01181","6043","C[N+](C)(C)CCCC(=O)O","1"
"HMDB01414","Putrescine","HMDB0001414","1045","17148","C00134","3226","NCCCCN","1"
"HMDB02005","Methionine sulfoxide","HMDB0002005","158980","17016","C02989","6428","CS(=O)CC[C@H](N)C(O)=O","1"
"HMDB00056","beta-Alanine","HMDB0000056","239","16958","C00099","5119","NCCC(O)=O","1"
"HMDB00194","Anserine","HMDB0000194","112072","18323","C01262","5209","CN1C=NC=C1C[C@H](NC(=O)CCN)C(O)=O","1"
"HMDB00062","L-Carnitine","HMDB0000062","10917","16347","C00318","52","C[N+](C)(C)C[C@H](O)CC([O-])=O","1"
"HMDB00201","DL-Acetylcarnitine","HMDB00201","1","73024","C02571",NA,"CC(=O)OC(CC(=O))C(C)(C)C","1"
"HMDB00824","Propionylcarnitine","HMDB0000824","107738","28867","C03017","5787","CCC(=O)OC(CC(=O)[O-])C[N+](C)(C)C","1"
"HMDB13133","Methylmalonylcarnitine","HMDB0013133","53481628",NA,NA,NA,"CC(C(=O)O)C(=O)O[C@@H](CC(=O)[O-])C[N+](C)(C)C","1"
"HMDB02013","Butyrylcarnitine","HMDB0002013","439829",NA,"C02862","6436","CCCC(=O)OC(CC(=O)[O-])C[N+](C)(C)C","1"
"HMDB00688","Isovalerylcarnitine","HMDB0000688","6426851","73025",NA,"5657","CC(C)CC(=O)OC(CC(=O)[O-])C[N+](C)(C)C","1"
"HMDB13288","Nonanoylcarnitine","HMDB0013288","53481660","70997",NA,NA,"CCCCCCCCC(=O)OC(CC(=O)[O-])C[N+](C)(C)C","1"
"HMDB00651","Decanoylcarnitine","HMDB0000651","10245190","68830",NA,"5623","CCCCCCCCCC(=O)OC(CC(=O)[O-])C[N+](C)(C)C","1"
"HMDB13325","2-trans,4-cis-Decadienoylcarnitine","HMDB0013325","53481669",NA,NA,NA,"CCCCC/C=C\C=C\C(=O)O[C@@H](CCC(=O)[O-])[N+](C)(C)C","1"
"HMDB02250","Dodecanoylcarnitine","HMDB0002250","168381","77086",NA,"6573","CCCCCCCCCCCC(=O)O[C@H](CC(=O)[O-])C[N+](C)(C)C","1"
"HMDB13326","trans-2-Dodecenoylcarnitine","HMDB0013326","53481671",NA,NA,NA,"CCCCCCCCC/C=C/C(=O)O[C@@H](CCC(=O)[O-])[N+](C)(C)C","1"
"HMDB05066","Tetradecanoylcarnitine","HMDB0005066","53477791","84634",NA,NA,"CCCCCCCCCCCCCC(=O)O[C@H](CC(=O)[O-])C[N+](C)(C)C","1"
"HMDB02014","cis-5-Tetradecenoylcarnitine","HMDB0002014","22833575","73060",NA,"6437","CCCCCCCC/C=C\CCCC(=O)OC(CC(=O)[O-])C[N+](C)(C)C","1"
"HMDB13331","3, 5-Tetradecadiencarnitine","HMDB0013331","53481681","89746",NA,NA,"CCCCCCCC/C=C/C=C/CC(=O)O[C@@H](CCC(=O)[O-])[N+](C)(C)C","1"
"HMDB00222","L-Palmitoylcarnitine","HMDB0000222","11953816","17490","C02990","5231","CCCCCCCCCCCCCCCC(=O)O[C@H](CC(=O)[O-])C[N+](C)(C)C","1"
"HMDB13337","2-Hydroxyhexadecanoylcarnitine","HMDB0013337","53481693",NA,NA,NA,"CCCCCCCCCCCCCCC(C(=O)O[C@@H](CCC(=O)[O-])[N+](C)(C)C)O","1"
"HMDB00848","Acylcarnitine C18:0","HMDB00848","6426855","73074",NA,NA,"CCCCCCCCCCCCCCCCCC(=O)OC(CC(=O))C(C)(C)C","1"
"HMDB05065","Oleoylcarnitine","HMDB0005065","46907933","84651",NA,NA,"CCCCCCCC/C=C\CCCCCCCC(=O)O[C@H](CC(=O)[O-])C[N+](C)(C)C","1"
"HMDB13339","3-Hydroxy-11Z-octadecenoylcarnitine","HMDB0013339","53481697",NA,NA,NA,"CCCCCC\C=C/CCCCCCC[C@@H](O)CC(=O)O[C@H](CC([O-])=O)C[N+](C)(C)C","1"
"HMDB06469","Linoleyl carnitine","HMDB0006469","6450015","84098",NA,NA,"CCCCC/C=C\C/C=C\CCCCCCCC(=O)O[C@H](CC(=O)[O-])C[N+](C)(C)C","1"
"HMDB06460","Arachidyl carnitine","HMDB0006460","53477833","73100",NA,NA,"CCCCCCCCCCCCCCCCCCCC(=O)OC(CC(=O)[O-])C[N+](C)(C)C","1"
"HMDB03282","1-Methylguanine","HMDB0003282","70315","21803","C04152","3778","CN1C(N)=NC2=C(NC=N2)C1=O","1"
"HMDB01563","1-Methylguanosine","HMDB0001563","96373","19062","C04545","6324","CN1C(N)=NC2=C(N=CN2[C@@H]2O[C@H](CO)[C@@H](O)[C@H]2O)C1=O","1"
"HMDB04030","21-Deoxycortisol","HMDB0004030","222803",NA,"C05497","7004","CC(=O)[C@]1(CC[C@@H]2[C@@]1(C[C@H]([C@H]3[C@H]2CCC4=CC(=O)CC[C@]34C)O)C)O","1"
"HMDB13716","Norvaline","HMDB0013716","439575","28804","C01799",NA,"CCC[C@@H](N)C(O)=O","1"
"HMDB04326","2'-O-Methyladenosine","HMDB0004326","317398","119928","C04779",NA,"COC1C(O)C(CO)OC1N1C=NC2=C(N)N=CN=C12","1"
"HMDB00479","3-Methylhistidine","HMDB0000479","64969","27596","C01152","5466","[H][C@](N)(CC1=CN=CN1C)C(O)=O","1"
"HMDB01886","3-Methylxanthine","HMDB0001886","70639","62207","C16357","2820","CN1C2=C(NC=N2)C(=O)NC1=O","1"
"HMDB06023","3'-O-Methyladenosine","HMDB0006023","82530",NA,NA,NA,"CO[C@@H]1[C@@H](CO)O[C@H]([C@@H]1O)N1C=NC2=C1N=CN=C2N","1"
"HMDB01169","4-Aminophenol","HMDB0001169","403","17602","C02372","6051","NC1=CC=C(O)C=C1","1"
"HMDB03464","4-Guanidinobutanoic acid","HMDB0003464","500","15728","C01035","6938","NC(=N)NCCCC(O)=O","1"
"HMDB59824","4-Hydroxy-3-methylacetophenone","HMDB0059824","70135",NA,NA,NA,"[H]OC1=C(C([H])=C(C([H])=C1[H])C(=O)C([H])([H])[H])C([H])([H])[H]","1"
"HMDB00897","7-Methylguanine","HMDB0000897","11361","28664","C02242",NA,"CN1C=NC2=C1C(=O)N=C(N)N2","1"
"HMDB01991","7-Methylxanthine","HMDB0001991","68374","48991","C16353",NA,"CN1C=NC2=C1C(=O)NC(=O)N2","1"
"HMDB03333","8-Hydroxy-deoxyguanosine","HMDB0003333","73318","40304",NA,"6890","NC1=NC2=C(N=C(O)N2[C@H]2C[C@H](O)[C@@H](CO)O2)C(=O)N1","1"
"HMDB01859","Acetaminophen","HMDB0001859","1983","46195","C06804","6353","CC(=O)NC1=CC=C(O)C=C1","1"
"HMDB00212","N-Acetylgalactosamine","HMDB0000212","84265","40356","C01074","5222","CC(=O)N[C@H]1[C@@H](O)O[C@H](CO)[C@H](O)[C@@H]1O","1"
"HMDB01432","Agmatine","HMDB0001432","199","17431","C00179","3523","NCCCCNC(N)=N","1"
"HMDB00557","L-Alloisoleucine","HMDB0000557","99288","43433",NA,NA,"CC[C@@H](C)[C@H](N)C(O)=O","1"
"HMDB01924","Atenolol","HMDB0001924","2249","2904","C13235","1128","CC(C)NCC(O)COC1=CC=C(CC(N)=O)C=C1","1"
"HMDB13222","Beta-Guanidinopropionic acid","HMDB0013222","67701","15968","C03065",NA,"NC(=N)NCCC(O)=O","1"
"HMDB01008","Biliverdin","HMDB0001008","5353439","17033","C00500","5938","CC1=C(C=C)\C(NC1=O)=C\C1=C(C)C(CCC(O)=O)=C(N1)\C=C1/N=C(/C=C2\NC(=O)C(C=C)=C2C)C(C)=C1CCC(O)=O","1"
"HMDB00030","Biotin","HMDB0000030","171548","15956","C00120","243","[H][C@]12CS[C@@H](CCCCC(O)=O)[C@@]1([H])NC(=O)N2","1"
"HMDB02322","Cadaverine","HMDB0002322","273","18127","C01672","3236","NCCCCCN","1"
"HMDB01847","Caffeine","HMDB0001847","2519","27732","C07481","1455","CN1C=NC2=C1C(=O)N(C)C(=O)N2C","1"
"HMDB00063","Cortisol","HMDB0000063","657311",NA,"C00735","5124","C[C@]12CCC(=O)C=C1CC[C@@H]3[C@@H]2[C@H](C[C@]4([C@H]3CC[C@]4(C(=O)CO)O)C)O","1"
"HMDB03459","D-Alanyl-D-alanine","HMDB0003459","5460362","16576","C00993","6937","C[C@@H](N)C(=O)N[C@H](C)C(O)=O","1"
"HMDB41876","NA","NA","NA","NA","NA","NA","NA","0"
"HMDB05015","Gabapentin","HMDB0005015","3446","42797",NA,"2989","NCC1(CC(O)=O)CCCCC1","1"
"HMDB00128","Guanidoacetic acid","HMDB0000128","763","16344","C00581","5163","NC(=N)NCC(O)=O","1"
"HMDB03431","L-Histidinol","HMDB0003431","165271","16255","C00860","3267","N[C@H](CO)CC1=CNC=N1","1"
"HMDB00670","Homo-L-arginine","HMDB0000670","9085","27747","C01924","5640","N[C@@H](CCCCNC(N)=N)C(O)=O","1"
"HMDB00679","Homocitrulline","HMDB0000679","65072","17443","C02427","46","N[C@@H](CCCCNC(N)=O)C(O)=O","1"
"HMDB01390","trans-3-Hydroxycotinine","HMDB0001390","107963",NA,NA,"6210","CN1[C@@H](CC(O)C1=O)C1=CN=CC=C1","1"
"HMDB02271","Imidazolepropionic acid","HMDB0002271","70630","73087","C20522","6585","OC(=O)CCC1=CNC=N1","1"
"HMDB02024","Imidazoleacetic acid","HMDB0002024","96215","16974","C02835","6445","OC(=O)CC1=CN=CN1","1"
"HMDB01921","1,1-Dimethylbiguanide","HMDB0001921","4091","6801","C07151","6390","CN(C)C(=N)NC(N)=N","1"
"HMDB02820","Methylimidazoleacetic acid","HMDB0002820","75810","1606","C05828","3774","CN1C=C(N=C1)CC(=O)O","1"
"HMDB15052","Metronidazole","HMDB0015052","4173","6909","C07203",NA,"CC1=NC=C(N1CCO)[N+]([O-])=O","1"
"HMDB02172","N1,N12-Diacetylspermine","HMDB0002172","132680","28101","C03413","6525","CC(=O)NCCCNCCCCNCCCNC(C)=O","1"
"HMDB01276","N1-Acetylspermidine","HMDB0001276","496","17927","C00612","3323","CC(=O)NCCCNCCCCN","1"
"HMDB01186","N1-Acetylspermine","HMDB0001186","916","17312","C02567","3369","CC(=O)NCCCNCCCCNCCCN","1"
"HMDB04193","N1-Methyl-2-pyridone-5-carboxamide","HMDB0004193","69698","27410","C05842","7025","CN1C=C(C=CC1=O)C(N)=O","1"
"HMDB04824","N2,N2-Dimethylguanosine","HMDB0004824","92919","19289",NA,"7086","CN(C)C1=NC(=O)C2=C(N1)N(C=N2)[C@@H]1O[C@H](CO)[C@@H](O)[C@H]1O","1"
"HMDB00812","N-Acetyl-L-aspartic acid","HMDB0000812","65065","21547","C01042","5776","CC(=O)N[C@@H](CC(O)=O)C(O)=O","1"
"HMDB06029","N-Acetylglutamine","HMDB0006029","182230","21553",NA,NA,"CC(=O)N[C@@H](CCC(N)=O)C(O)=O","1"
"HMDB13253","N-Acetylhistamine","HMDB0013253","69602","28483","C05135",NA,"CC(=O)NCCC1=CN=CN1","1"
"HMDB32055","N-Acetylhistidine","HMDB0032055","75619","16437","C02997",NA,"CC(=O)N[C@@H](CC1=CNC=N1)C(O)=O","1"
"HMDB03357","N-Acetylornithine","HMDB0003357","439232","16543","C00437",NA,"CC(=O)N[C@@H](CCCN)C(O)=O","1"
"HMDB02064","N-Acetylputrescine","HMDB0002064","122356","17768","C02714","3252","CC(=O)NCCCCN","1"
"HMDB04620","N-a-Acetyl-L-arginine","HMDB0004620","67427","40521",NA,NA,"CC(=O)N[C@@H](CCCNC(N)=N)C(O)=O","1"
"HMDB13287","Ne,Ne dimethyllysine","HMDB0013287","4478779",NA,"C05545",NA,"CN(C)CCCCC(C(=O)O)N","1"
"HMDB01325","N6,N6,N6-Trimethyl-L-lysine","HMDB0001325","440120","17311","C03793","6161","C[N+](C)(C)CCCC[C@H](N)C([O-])=O","1"
"HMDB04610","Phytosphingosine","HMDB0004610","122121","46961","C12144","7066","CCCCCCCCCCCCCC[C@H]([C@H]([C@H](CO)N)O)O","1"
"HMDB04827","Stachydrine","HMDB0004827","7016563","35280","C10172","7089","C[N+]1(CCC[C@H]1C(=O)[O-])C","1"
"HMDB00802","Pterin","HMDB0000802","73000","18265","C00715","5766","NC1=NC2=NC=CN=C2C(=O)N1","1"
"HMDB00239","Pyridoxine","HMDB0000239","1054","16709","C00314","5245","CC1=C(O)C(CO)=C(CO)C=N1","1"
"HMDB14611","Quinine","HMDB0014611","3034034","15854","C06526",NA,"[H][C@]1(C[C@@H]2CC[N@]1C[C@@H]2C=C)[C@H](O)C1=CC=NC2=CC=C(OC)C=C12","1"
"HMDB01185","S-Adenosylmethionine","HMDB0001185","34756","15414","C00019","6064","C[S+](CC[C@H](N)C(O)=O)C[C@H]1O[C@H]([C@H](O)[C@@H]1O)N1C=NC2=C1N=CN=C2N","1"
"HMDB00269","Sphinganine","HMDB0000269","91486","16566","C00836","5268","CCCCCCCCCCCCCCC[C@H]([C@H](CO)N)O","1"
"HMDB00875","Trigonelline","HMDB0000875","5570","18123","C01004","273","C[N+]1=CC=CC(=C1)C([O-])=O","1"
"HMDB04161","D-Urobilin","HMDB0004161","6276321","4259","C05795",NA,"CCC1=C(C(=O)NC1CC2=C(C(=C(N2)/C=C\3/C(=C(C(=N3)CC4C(=C(C(=O)N4)C=C)C)C)CCC(=O)O)CCC(=O)O)C)C","1"
"HMDB10387","LysoPC(18:3(6Z,9Z,12Z))","HMDB0010387","52924045",NA,"C04230",NA,"CCCCC/C=C\C/C=C\C/C=C\CCCCC(=O)OC[C@H](COP(=O)([O-])OCC[N+](C)(C)C)O","1"
"HMDB10391","LysoPC(20:1(11Z))","HMDB0010391","52924051","88685","C04230",NA,"CCCCCCCC/C=C\CCCCCCCCCC(=O)OC[C@H](COP(=O)([O-])OCC[N+](C)(C)C)O","1"
"HMDB10407","LysoPC(P-16:0)","HMDB0010407","10917802",NA,"C04230",NA,"CCCCCCCCCCCCCC/C=C\OC[C@H](COP(=O)([O-])OCC[N+](C)(C)C)O","1"
"HMDB13122","LysoPC(P-18:0)","HMDB0013122","24779527","133662","C04230",NA,"CCCCCCCCCCCCCCCC/C=C\OC[C@H](COP(=O)([O-])OCC[N+](C)(C)C)O","1"
"HMDB11526","LysoPE(22:6(4Z,7Z,10Z,13Z,16Z,19Z)/0:0)","HMDB0011526","52925132","72747",NA,NA,"CC/C=C\C/C=C\C/C=C\C/C=C\C/C=C\C/C=C\CCC(=O)OC[C@H](COP(=O)(O)OCCN)O","1"
"HMDB12097","SM(d18:1/14:0)","HMDB0012097","11433862","64486",NA,NA,"CCCCCCCCCCCCC/C=C/[C@H]([C@H](COP(=O)([O-])OCC[N+](C)(C)C)NC(=O)CCCCCCCCCCCCC)O","1"
